GVKey,Company Name,Year,Data Date,Status,Year Match,File Count
1010,ACF INDUSTRIES INC,1996,1996-12-31,NA,N,0
1010,ACF INDUSTRIES INC,1997,1997-12-31,NA,N,0
1010,ACF INDUSTRIES INC,1998,1998-12-31,NA,N,0
1010,ACF INDUSTRIES INC,1999,1999-12-31,NA,N,0
1010,ACF INDUSTRIES INC,2000,2000-12-31,NA,N,0
1010,ACF INDUSTRIES INC,2001,2001-12-31,NA,N,0
1010,ACF INDUSTRIES INC,2002,2002-12-31,NA,N,0
1010,ACF INDUSTRIES INC,2003,2003-12-31,NA,N,0
1013,ADC TELECOMMUNICATIONS INC,1996,1996-10-31,OK,Y,2
1013,ADC TELECOMMUNICATIONS INC,1997,1997-10-31,OK,Y,1
1013,ADC TELECOMMUNICATIONS INC,1998,1998-10-31,OK,Y,1
1013,ADC TELECOMMUNICATIONS INC,1999,1999-10-31,OK,Y,1
1013,ADC TELECOMMUNICATIONS INC,2000,2000-10-31,OK,Y,1
1013,ADC TELECOMMUNICATIONS INC,2001,2001-10-31,OK,Y,1
1013,ADC TELECOMMUNICATIONS INC,2002,2002-10-31,OK,N,0
1013,ADC TELECOMMUNICATIONS INC,2003,2003-10-31,OK,N,0
1013,ADC TELECOMMUNICATIONS INC,2004,2004-10-31,OK,N,0
1013,ADC TELECOMMUNICATIONS INC,2005,2005-10-31,OK,N,0
1013,ADC TELECOMMUNICATIONS INC,2006,2006-10-31,OK,N,0
1013,ADC TELECOMMUNICATIONS INC,2007,2007-10-31,OK,N,0
1013,ADC TELECOMMUNICATIONS INC,2008,2008-10-31,OK,N,0
1013,ADC TELECOMMUNICATIONS INC,2009,2009-09-30,OK,N,0
1013,ADC TELECOMMUNICATIONS INC,2010,2010-09-30,OK,N,0
1038,AMC ENTERTAINMENT INC -OLD,1996,1997-03-31,OK,N,0
1038,AMC ENTERTAINMENT INC -OLD,1997,1998-03-31,OK,N,0
1038,AMC ENTERTAINMENT INC -OLD,1998,1999-03-31,OK,N,0
1038,AMC ENTERTAINMENT INC -OLD,1999,2000-03-31,OK,N,0
1038,AMC ENTERTAINMENT INC -OLD,2000,2001-03-31,OK,N,0
1038,AMC ENTERTAINMENT INC -OLD,2001,2002-03-31,OK,N,0
1038,AMC ENTERTAINMENT INC -OLD,2002,2003-03-31,OK,N,0
1038,AMC ENTERTAINMENT INC -OLD,2003,2004-03-31,OK,N,0
1045,AMERICAN AIRLINES GROUP INC,1996,1996-12-31,OK,Y,1
1045,AMERICAN AIRLINES GROUP INC,1997,1997-12-31,OK,Y,1
1045,AMERICAN AIRLINES GROUP INC,1998,1998-12-31,OK,Y,1
1045,AMERICAN AIRLINES GROUP INC,1999,1999-12-31,OK,Y,1
1045,AMERICAN AIRLINES GROUP INC,2000,2000-12-31,OK,Y,1
1045,AMERICAN AIRLINES GROUP INC,2001,2001-12-31,OK,Y,1
1045,AMERICAN AIRLINES GROUP INC,2002,2002-12-31,OK,N,0
1045,AMERICAN AIRLINES GROUP INC,2003,2003-12-31,OK,N,0
1045,AMERICAN AIRLINES GROUP INC,2004,2004-12-31,OK,N,0
1045,AMERICAN AIRLINES GROUP INC,2005,2005-12-31,OK,Y,1
1045,AMERICAN AIRLINES GROUP INC,2006,2006-12-31,OK,N,0
1045,AMERICAN AIRLINES GROUP INC,2007,2007-12-31,OK,N,0
1045,AMERICAN AIRLINES GROUP INC,2008,2008-12-31,OK,N,0
1045,AMERICAN AIRLINES GROUP INC,2009,2009-12-31,OK,N,0
1045,AMERICAN AIRLINES GROUP INC,2010,2010-12-31,OK,N,0
1045,AMERICAN AIRLINES GROUP INC,2011,2011-12-31,OK,N,0
1045,AMERICAN AIRLINES GROUP INC,2012,2012-12-31,OK,N,0
1045,AMERICAN AIRLINES GROUP INC,2013,2013-12-31,OK,N,0
1045,AMERICAN AIRLINES GROUP INC,2014,2014-12-31,OK,N,0
1045,AMERICAN AIRLINES GROUP INC,2015,2015-12-31,OK,N,0
1045,AMERICAN AIRLINES GROUP INC,2016,2016-12-31,OK,N,0
1045,AMERICAN AIRLINES GROUP INC,2017,2017-12-31,OK,N,0
1045,AMERICAN AIRLINES GROUP INC,2018,2018-12-31,OK,N,0
1045,AMERICAN AIRLINES GROUP INC,2019,2019-12-31,OK,N,0
1045,AMERICAN AIRLINES GROUP INC,2020,2020-12-31,OK,N,0
1078,ABBOTT LABORATORIES,2006,2006-12-31,OK,Y,2
1078,ABBOTT LABORATORIES,2007,2007-12-31,OK,Y,2
1078,ABBOTT LABORATORIES,2008,2008-12-31,OK,Y,2
1078,ABBOTT LABORATORIES,2009,2009-12-31,OK,Y,2
1078,ABBOTT LABORATORIES,2010,2010-12-31,OK,Y,3
1078,ABBOTT LABORATORIES,2011,2011-12-31,OK,Y,4
1078,ABBOTT LABORATORIES,2012,2012-12-31,OK,Y,3
1078,ABBOTT LABORATORIES,2013,2013-12-31,OK,Y,2
1078,ABBOTT LABORATORIES,2014,2014-12-31,OK,Y,3
1078,ABBOTT LABORATORIES,2015,2015-12-31,OK,Y,3
1078,ABBOTT LABORATORIES,2016,2016-12-31,OK,Y,3
1078,ABBOTT LABORATORIES,2017,2017-12-31,OK,Y,2
1078,ABBOTT LABORATORIES,2018,2018-12-31,OK,Y,1
1078,ABBOTT LABORATORIES,2019,2019-12-31,OK,Y,1
1078,ABBOTT LABORATORIES,2020,2020-12-31,OK,Y,1
1078,ABBOTT LABORATORIES,2021,2021-12-31,OK,Y,1
1107,ACE HARDWARE CORP,1996,1996-12-31,OK,N,0
1107,ACE HARDWARE CORP,1997,1997-12-31,OK,N,0
1107,ACE HARDWARE CORP,1998,1998-12-31,OK,N,0
1107,ACE HARDWARE CORP,1999,1999-12-31,OK,Y,1
1107,ACE HARDWARE CORP,2000,2000-12-31,OK,Y,2
1107,ACE HARDWARE CORP,2001,2001-12-31,OK,Y,1
1107,ACE HARDWARE CORP,2002,2002-12-31,OK,Y,1
1121,ADAMS RESOURCES & ENERGY INC,1996,1996-12-31,OK,Y,1
1121,ADAMS RESOURCES & ENERGY INC,1997,1997-12-31,OK,Y,2
1121,ADAMS RESOURCES & ENERGY INC,1998,1998-12-31,OK,Y,1
1121,ADAMS RESOURCES & ENERGY INC,1999,1999-12-31,OK,Y,1
1121,ADAMS RESOURCES & ENERGY INC,2000,2000-12-31,OK,N,0
1121,ADAMS RESOURCES & ENERGY INC,2001,2001-12-31,OK,Y,1
1121,ADAMS RESOURCES & ENERGY INC,2002,2002-12-31,OK,Y,2
1121,ADAMS RESOURCES & ENERGY INC,2003,2003-12-31,OK,Y,1
1121,ADAMS RESOURCES & ENERGY INC,2004,2004-12-31,OK,Y,2
1121,ADAMS RESOURCES & ENERGY INC,2005,2005-12-31,OK,Y,1
1121,ADAMS RESOURCES & ENERGY INC,2006,2006-12-31,OK,Y,1
1121,ADAMS RESOURCES & ENERGY INC,2007,2007-12-31,OK,N,0
1121,ADAMS RESOURCES & ENERGY INC,2008,2008-12-31,OK,Y,2
1121,ADAMS RESOURCES & ENERGY INC,2009,2009-12-31,OK,Y,1
1121,ADAMS RESOURCES & ENERGY INC,2010,2010-12-31,OK,N,0
1121,ADAMS RESOURCES & ENERGY INC,2011,2011-12-31,OK,N,0
1121,ADAMS RESOURCES & ENERGY INC,2012,2012-12-31,OK,N,0
1121,ADAMS RESOURCES & ENERGY INC,2013,2013-12-31,OK,N,0
1121,ADAMS RESOURCES & ENERGY INC,2014,2014-12-31,OK,N,0
1121,ADAMS RESOURCES & ENERGY INC,2015,2015-12-31,OK,N,0
1121,ADAMS RESOURCES & ENERGY INC,2016,2016-12-31,OK,N,0
1121,ADAMS RESOURCES & ENERGY INC,2017,2017-12-31,OK,Y,1
1121,ADAMS RESOURCES & ENERGY INC,2018,2018-12-31,OK,N,0
1121,ADAMS RESOURCES & ENERGY INC,2019,2019-12-31,OK,N,0
1121,ADAMS RESOURCES & ENERGY INC,2020,2020-12-31,OK,N,0
1121,ADAMS RESOURCES & ENERGY INC,2021,2021-12-31,OK,N,0
1161,ADVANCED MICRO DEVICES,2005,2005-12-31,OK,Y,1
1161,ADVANCED MICRO DEVICES,2006,2006-12-31,OK,Y,1
1161,ADVANCED MICRO DEVICES,2007,2007-12-31,OK,Y,1
1161,ADVANCED MICRO DEVICES,2008,2008-12-31,OK,Y,1
1161,ADVANCED MICRO DEVICES,2009,2009-12-31,OK,Y,1
1161,ADVANCED MICRO DEVICES,2010,2010-12-31,OK,Y,1
1161,ADVANCED MICRO DEVICES,2011,2011-12-31,OK,Y,1
1161,ADVANCED MICRO DEVICES,2012,2012-12-31,OK,Y,1
1161,ADVANCED MICRO DEVICES,2013,2013-12-31,OK,Y,1
1161,ADVANCED MICRO DEVICES,2014,2014-12-31,OK,Y,1
1161,ADVANCED MICRO DEVICES,2015,2015-12-31,OK,Y,2
1161,ADVANCED MICRO DEVICES,2016,2016-12-31,OK,Y,2
1161,ADVANCED MICRO DEVICES,2017,2017-12-31,OK,Y,2
1161,ADVANCED MICRO DEVICES,2018,2018-12-31,OK,Y,1
1161,ADVANCED MICRO DEVICES,2019,2019-12-31,OK,N,0
1161,ADVANCED MICRO DEVICES,2020,2020-12-31,OK,N,0
1161,ADVANCED MICRO DEVICES,2021,2021-12-31,OK,N,0
1164,MCI INC,1996,1996-12-31,OK,N,0
1164,MCI INC,1997,1997-12-31,OK,N,0
1164,MCI INC,1998,1998-12-31,OK,Y,1
1164,MCI INC,1999,1999-12-31,OK,N,0
1164,MCI INC,2000,2000-12-31,OK,N,0
1164,MCI INC,2001,2001-12-31,OK,N,0
1164,MCI INC,2002,2002-12-31,OK,N,0
1164,MCI INC,2003,2003-12-31,OK,N,0
1164,MCI INC,2004,2004-12-31,OK,N,0
1193,AGWAY INC,1997,1997-06-30,OK,Y,2
1193,AGWAY INC,1998,1998-06-30,OK,Y,2
1193,AGWAY INC,1999,1999-06-30,OK,Y,2
1194,AHMANSON (H F) & CO,1996,1996-12-31,OK,N,0
1194,AHMANSON (H F) & CO,1996,1996-12-31,OK,N,0
1194,AHMANSON (H F) & CO,1997,1997-12-31,OK,N,0
1194,AHMANSON (H F) & CO,1997,1997-12-31,OK,N,0
1209,AIR PRODUCTS & CHEMICALS INC,2004,2004-09-30,OK,Y,2
1209,AIR PRODUCTS & CHEMICALS INC,2006,2006-09-30,OK,Y,1
1209,AIR PRODUCTS & CHEMICALS INC,2007,2007-09-30,OK,Y,1
1209,AIR PRODUCTS & CHEMICALS INC,2008,2008-09-30,OK,Y,1
1209,AIR PRODUCTS & CHEMICALS INC,2009,2009-09-30,OK,N,0
1209,AIR PRODUCTS & CHEMICALS INC,2010,2010-09-30,OK,Y,1
1209,AIR PRODUCTS & CHEMICALS INC,2011,2011-09-30,OK,N,0
1209,AIR PRODUCTS & CHEMICALS INC,2012,2012-09-30,OK,N,0
1209,AIR PRODUCTS & CHEMICALS INC,2013,2013-09-30,OK,N,0
1209,AIR PRODUCTS & CHEMICALS INC,2014,2014-09-30,OK,N,0
1209,AIR PRODUCTS & CHEMICALS INC,2015,2015-09-30,OK,N,0
1209,AIR PRODUCTS & CHEMICALS INC,2016,2016-09-30,OK,Y,1
1209,AIR PRODUCTS & CHEMICALS INC,2017,2017-09-30,OK,N,0
1209,AIR PRODUCTS & CHEMICALS INC,2018,2018-09-30,OK,N,0
1209,AIR PRODUCTS & CHEMICALS INC,2019,2019-09-30,OK,Y,1
1209,AIR PRODUCTS & CHEMICALS INC,2020,2020-09-30,OK,N,0
1209,AIR PRODUCTS & CHEMICALS INC,2021,2021-09-30,OK,N,0
1213,AIRBORNE INC,1996,1996-12-31,OK,Y,1
1213,AIRBORNE INC,1997,1997-12-31,OK,Y,1
1213,AIRBORNE INC,1998,1998-12-31,OK,Y,1
1213,AIRBORNE INC,1999,1999-12-31,OK,Y,1
1213,AIRBORNE INC,2000,2000-12-31,OK,Y,2
1213,AIRBORNE INC,2001,2001-12-31,OK,Y,2
1213,AIRBORNE INC,2002,2002-12-31,OK,Y,1
1230,ALASKA AIR GROUP INC,1996,1996-12-31,OK,Y,1
1230,ALASKA AIR GROUP INC,1997,1997-12-31,OK,N,0
1230,ALASKA AIR GROUP INC,1998,1998-12-31,OK,Y,1
1230,ALASKA AIR GROUP INC,1999,1999-12-31,OK,Y,1
1230,ALASKA AIR GROUP INC,2000,2000-12-31,OK,Y,1
1230,ALASKA AIR GROUP INC,2001,2001-12-31,OK,N,0
1230,ALASKA AIR GROUP INC,2002,2002-12-31,OK,N,0
1230,ALASKA AIR GROUP INC,2003,2003-12-31,OK,N,0
1230,ALASKA AIR GROUP INC,2004,2004-12-31,OK,N,0
1230,ALASKA AIR GROUP INC,2005,2005-12-31,OK,N,0
1230,ALASKA AIR GROUP INC,2006,2006-12-31,OK,N,0
1230,ALASKA AIR GROUP INC,2007,2007-12-31,OK,Y,1
1230,ALASKA AIR GROUP INC,2008,2008-12-31,OK,N,0
1230,ALASKA AIR GROUP INC,2009,2009-12-31,OK,Y,1
1230,ALASKA AIR GROUP INC,2010,2010-12-31,OK,N,0
1230,ALASKA AIR GROUP INC,2011,2011-12-31,OK,Y,1
1230,ALASKA AIR GROUP INC,2012,2012-12-31,OK,N,0
1230,ALASKA AIR GROUP INC,2013,2013-12-31,OK,N,0
1230,ALASKA AIR GROUP INC,2014,2014-12-31,OK,N,0
1230,ALASKA AIR GROUP INC,2015,2015-12-31,OK,N,0
1230,ALASKA AIR GROUP INC,2016,2016-12-31,OK,N,0
1230,ALASKA AIR GROUP INC,2017,2017-12-31,OK,N,0
1230,ALASKA AIR GROUP INC,2018,2018-12-31,OK,N,0
1230,ALASKA AIR GROUP INC,2019,2019-12-31,OK,N,0
1230,ALASKA AIR GROUP INC,2020,2020-12-31,OK,N,0
1230,ALASKA AIR GROUP INC,2021,2021-12-31,OK,N,0
1239,ALBERTO-CULVER CO,1996,1996-09-30,NA,N,0
1239,ALBERTO-CULVER CO,1997,1997-09-30,NA,N,0
1239,ALBERTO-CULVER CO,1998,1998-09-30,NA,N,0
1239,ALBERTO-CULVER CO,1999,1999-09-30,NA,N,0
1239,ALBERTO-CULVER CO,2000,2000-09-30,NA,N,0
1239,ALBERTO-CULVER CO,2001,2001-09-30,NA,N,0
1239,ALBERTO-CULVER CO,2002,2002-09-30,NA,N,0
1239,ALBERTO-CULVER CO,2003,2003-09-30,NA,N,0
1239,ALBERTO-CULVER CO,2004,2004-09-30,NA,N,0
1239,ALBERTO-CULVER CO,2005,2005-09-30,NA,N,0
1239,ALBERTO-CULVER CO,2006,2006-09-30,NA,N,0
1239,ALBERTO-CULVER CO,2007,2007-09-30,NA,N,0
1239,ALBERTO-CULVER CO,2008,2008-09-30,NA,N,0
1239,ALBERTO-CULVER CO,2009,2009-09-30,NA,N,0
1240,ALBERTSON'S INC,1996,1997-01-31,OK,N,0
1240,ALBERTSON'S INC,1997,1998-01-31,OK,Y,1
1240,ALBERTSON'S INC,1998,1999-01-31,OK,Y,1
1240,ALBERTSON'S INC,1999,2000-01-31,OK,Y,1
1240,ALBERTSON'S INC,2000,2001-01-31,OK,Y,2
1240,ALBERTSON'S INC,2002,2003-01-31,OK,Y,3
1240,ALBERTSON'S INC,2003,2004-01-31,OK,Y,4
1240,ALBERTSON'S INC,2004,2005-01-31,OK,Y,1
1240,ALBERTSON'S INC,2005,2006-01-31,OK,N,0
1246,IKON OFFICE SOLUTIONS,1996,1996-09-30,OK,N,0
1246,IKON OFFICE SOLUTIONS,2006,2006-09-30,OK,Y,1
1246,IKON OFFICE SOLUTIONS,2007,2007-09-30,OK,N,0
1246,IKON OFFICE SOLUTIONS,2008,2008-09-30,OK,N,0
1297,ALLIED PRODUCTS,1996,1996-12-31,OK,N,0
1297,ALLIED PRODUCTS,1997,1997-12-31,OK,Y,1
1297,ALLIED PRODUCTS,1998,1998-12-31,OK,Y,1
1297,ALLIED PRODUCTS,1999,1999-12-31,OK,Y,2
1300,HONEYWELL INTERNATIONAL INC,1996,1996-12-31,OK,Y,1
1300,HONEYWELL INTERNATIONAL INC,1997,1997-12-31,OK,Y,3
1300,HONEYWELL INTERNATIONAL INC,1998,1998-12-31,OK,Y,2
1300,HONEYWELL INTERNATIONAL INC,1999,1999-12-31,OK,Y,3
1300,HONEYWELL INTERNATIONAL INC,2000,2000-12-31,OK,Y,2
1300,HONEYWELL INTERNATIONAL INC,2003,2003-12-31,OK,Y,2
1300,HONEYWELL INTERNATIONAL INC,2004,2004-12-31,OK,Y,1
1300,HONEYWELL INTERNATIONAL INC,2005,2005-12-31,OK,Y,1
1300,HONEYWELL INTERNATIONAL INC,2008,2008-12-31,OK,Y,1
1300,HONEYWELL INTERNATIONAL INC,2009,2009-12-31,OK,Y,1
1300,HONEYWELL INTERNATIONAL INC,2010,2010-12-31,OK,Y,1
1300,HONEYWELL INTERNATIONAL INC,2011,2011-12-31,OK,Y,1
1300,HONEYWELL INTERNATIONAL INC,2012,2012-12-31,OK,Y,1
1300,HONEYWELL INTERNATIONAL INC,2013,2013-12-31,OK,Y,1
1300,HONEYWELL INTERNATIONAL INC,2014,2014-12-31,OK,Y,1
1300,HONEYWELL INTERNATIONAL INC,2015,2015-12-31,OK,Y,1
1300,HONEYWELL INTERNATIONAL INC,2016,2016-12-31,OK,Y,1
1300,HONEYWELL INTERNATIONAL INC,2017,2017-12-31,OK,Y,1
1300,HONEYWELL INTERNATIONAL INC,2018,2018-12-31,OK,Y,1
1300,HONEYWELL INTERNATIONAL INC,2019,2019-12-31,OK,Y,1
1300,HONEYWELL INTERNATIONAL INC,2020,2020-12-31,OK,Y,1
1300,HONEYWELL INTERNATIONAL INC,2021,2021-12-31,OK,N,0
1308,ALLIS-CHALMERS ENERGY INC,1996,1996-12-31,OK,N,0
1308,ALLIS-CHALMERS ENERGY INC,1997,1997-12-31,OK,N,0
1308,ALLIS-CHALMERS ENERGY INC,1998,1998-12-31,OK,N,0
1308,ALLIS-CHALMERS ENERGY INC,1999,1999-12-31,OK,N,0
1318,ALLTEL CORP,1996,1996-12-31,OK,N,0
1318,ALLTEL CORP,2005,2005-12-31,OK,N,0
1318,ALLTEL CORP,2006,2006-12-31,OK,N,0
1356,ALCOA INC,1996,1996-12-31,OK,Y,1
1356,ALCOA INC,1997,1997-12-31,OK,Y,1
1356,ALCOA INC,2003,2003-12-31,OK,N,0
1356,ALCOA INC,2006,2006-12-31,OK,Y,2
1356,ALCOA INC,2007,2007-12-31,OK,Y,1
1356,ALCOA INC,2008,2008-12-31,OK,Y,1
1356,ALCOA INC,2009,2009-12-31,OK,Y,1
1356,ALCOA INC,2010,2010-12-31,OK,N,0
1356,ALCOA INC,2011,2011-12-31,OK,N,0
1356,ALCOA INC,2012,2012-12-31,OK,N,0
1356,ALCOA INC,2013,2013-12-31,OK,N,0
1356,ALCOA INC,2014,2014-12-31,OK,Y,1
1356,ALCOA INC,2015,2015-12-31,OK,N,0
1380,HESS CORP,2007,2007-12-31,OK,N,0
1380,HESS CORP,2008,2008-12-31,OK,N,0
1380,HESS CORP,2009,2009-12-31,OK,N,0
1380,HESS CORP,2010,2010-12-31,OK,N,0
1380,HESS CORP,2011,2011-12-31,OK,N,0
1380,HESS CORP,2012,2012-12-31,OK,N,0
1380,HESS CORP,2013,2013-12-31,OK,N,0
1380,HESS CORP,2014,2014-12-31,OK,N,0
1380,HESS CORP,2015,2015-12-31,OK,N,0
1380,HESS CORP,2016,2016-12-31,OK,N,0
1380,HESS CORP,2017,2017-12-31,OK,N,0
1380,HESS CORP,2018,2018-12-31,OK,N,0
1380,HESS CORP,2019,2019-12-31,OK,N,0
1380,HESS CORP,2020,2020-12-31,OK,N,0
1380,HESS CORP,2021,2021-12-31,OK,N,0
1382,US AIRWAYS GROUP INC,1996,1996-12-31,OK,Y,2
1382,US AIRWAYS GROUP INC,1997,1997-12-31,OK,Y,2
1382,US AIRWAYS GROUP INC,1998,1998-12-31,OK,Y,1
1382,US AIRWAYS GROUP INC,2000,2000-12-31,OK,N,0
1382,US AIRWAYS GROUP INC,2001,2001-12-31,OK,N,0
1382,US AIRWAYS GROUP INC,2002,2002-12-31,OK,N,0
1392,AMDAHL CORP,1996,1996-12-31,OK,N,0
1397,AMERICAN BILTRITE INC,1996,1996-12-31,OK,N,0
1397,AMERICAN BILTRITE INC,1997,1997-12-31,OK,Y,1
1397,AMERICAN BILTRITE INC,1998,1998-12-31,OK,Y,1
1397,AMERICAN BILTRITE INC,1999,1999-12-31,OK,N,0
1397,AMERICAN BILTRITE INC,2000,2000-12-31,OK,Y,1
1397,AMERICAN BILTRITE INC,2001,2001-12-31,OK,N,0
1397,AMERICAN BILTRITE INC,2002,2002-12-31,OK,N,0
1397,AMERICAN BILTRITE INC,2003,2003-12-31,OK,N,0
1397,AMERICAN BILTRITE INC,2004,2004-12-31,OK,N,0
1397,AMERICAN BILTRITE INC,2005,2005-12-31,OK,N,0
1397,AMERICAN BILTRITE INC,2006,2006-12-31,OK,N,0
1397,AMERICAN BILTRITE INC,2007,2007-12-31,OK,N,0
1397,AMERICAN BILTRITE INC,2008,2008-12-31,OK,N,0
1397,AMERICAN BILTRITE INC,2009,2009-12-31,OK,N,0
1397,AMERICAN BILTRITE INC,2010,2010-12-31,OK,N,0
1397,AMERICAN BILTRITE INC,2011,2011-12-31,OK,N,0
1397,AMERICAN BILTRITE INC,2012,2012-12-31,OK,Y,1
1397,AMERICAN BILTRITE INC,2013,2013-12-31,OK,Y,1
1397,AMERICAN BILTRITE INC,2014,2014-12-31,OK,Y,1
1397,AMERICAN BILTRITE INC,2015,2015-12-31,OK,N,0
1397,AMERICAN BILTRITE INC,2016,2016-12-31,OK,Y,1
1397,AMERICAN BILTRITE INC,2017,2017-12-31,OK,Y,1
1397,AMERICAN BILTRITE INC,2018,2018-12-31,OK,Y,1
1397,AMERICAN BILTRITE INC,2019,2019-12-31,OK,Y,1
1397,AMERICAN BILTRITE INC,2020,2020-12-31,OK,Y,1
1397,AMERICAN BILTRITE INC,2021,2021-12-31,OK,N,0
1410,ABM INDUSTRIES INC,1996,1996-10-31,OK,N,0
1410,ABM INDUSTRIES INC,1997,1997-10-31,OK,N,0
1410,ABM INDUSTRIES INC,1998,1998-10-31,OK,N,0
1410,ABM INDUSTRIES INC,1999,1999-10-31,OK,N,0
1410,ABM INDUSTRIES INC,2000,2000-10-31,OK,N,0
1410,ABM INDUSTRIES INC,2001,2001-10-31,OK,N,0
1410,ABM INDUSTRIES INC,2002,2002-10-31,OK,N,0
1410,ABM INDUSTRIES INC,2003,2003-10-31,OK,N,0
1410,ABM INDUSTRIES INC,2004,2004-10-31,OK,N,0
1410,ABM INDUSTRIES INC,2005,2005-10-31,OK,N,0
1410,ABM INDUSTRIES INC,2006,2006-10-31,OK,N,0
1410,ABM INDUSTRIES INC,2007,2007-10-31,OK,N,0
1410,ABM INDUSTRIES INC,2008,2008-10-31,OK,N,0
1410,ABM INDUSTRIES INC,2009,2009-10-31,OK,Y,1
1410,ABM INDUSTRIES INC,2010,2010-10-31,OK,N,0
1410,ABM INDUSTRIES INC,2011,2011-10-31,OK,N,0
1410,ABM INDUSTRIES INC,2012,2012-10-31,OK,Y,1
1410,ABM INDUSTRIES INC,2013,2013-10-31,OK,Y,1
1410,ABM INDUSTRIES INC,2014,2014-10-31,OK,Y,1
1410,ABM INDUSTRIES INC,2015,2015-10-31,OK,N,0
1410,ABM INDUSTRIES INC,2016,2016-10-31,OK,N,0
1410,ABM INDUSTRIES INC,2017,2017-10-31,OK,N,0
1410,ABM INDUSTRIES INC,2018,2018-10-31,OK,N,0
1410,ABM INDUSTRIES INC,2019,2019-10-31,OK,Y,1
1410,ABM INDUSTRIES INC,2020,2020-10-31,OK,N,0
1410,ABM INDUSTRIES INC,2021,2021-10-31,OK,N,0
1468,AMERICAN GREETINGS  -CL A,1996,1997-02-28,NA,N,0
1468,AMERICAN GREETINGS  -CL A,1997,1998-02-28,NA,N,0
1468,AMERICAN GREETINGS  -CL A,1998,1999-02-28,NA,N,0
1468,AMERICAN GREETINGS  -CL A,1999,2000-02-29,NA,N,0
1468,AMERICAN GREETINGS  -CL A,2000,2001-02-28,NA,N,0
1468,AMERICAN GREETINGS  -CL A,2001,2002-02-28,NA,N,0
1468,AMERICAN GREETINGS  -CL A,2002,2003-02-28,NA,N,0
1468,AMERICAN GREETINGS  -CL A,2003,2004-02-29,NA,N,0
1468,AMERICAN GREETINGS  -CL A,2004,2005-02-28,NA,N,0
1468,AMERICAN GREETINGS  -CL A,2005,2006-02-28,NA,N,0
1468,AMERICAN GREETINGS  -CL A,2006,2007-02-28,NA,N,0
1468,AMERICAN GREETINGS  -CL A,2007,2008-02-29,NA,N,0
1468,AMERICAN GREETINGS  -CL A,2008,2009-02-28,NA,N,0
1468,AMERICAN GREETINGS  -CL A,2009,2010-02-28,NA,N,0
1468,AMERICAN GREETINGS  -CL A,2010,2011-02-28,NA,N,0
1468,AMERICAN GREETINGS  -CL A,2011,2012-02-29,NA,N,0
1468,AMERICAN GREETINGS  -CL A,2012,2013-02-28,NA,N,0
1478,WYETH,1996,1996-12-31,OK,Y,1
1485,AMERITECH CORP,1996,1996-12-31,OK,Y,1
1485,AMERITECH CORP,1997,1997-12-31,OK,Y,2
1485,AMERITECH CORP,1998,1998-12-31,OK,Y,1
1537,FINA INC  -CL A,1996,1996-12-31,NA,N,0
1537,FINA INC  -CL A,1997,1997-12-31,NA,N,0
1573,AMERICAN STORES CO,1997,1998-01-31,OK,Y,1
1573,AMERICAN STORES CO,1998,1999-01-31,OK,Y,1
1594,AMES DEPT STORES INC,1996,1997-01-31,NA,N,0
1594,AMES DEPT STORES INC,1997,1998-01-31,NA,N,0
1594,AMES DEPT STORES INC,1998,1999-01-31,NA,N,0
1594,AMES DEPT STORES INC,1999,2000-01-31,NA,N,0
1594,AMES DEPT STORES INC,2000,2001-01-31,NA,N,0
1594,AMES DEPT STORES INC,2001,2002-01-31,NA,N,0
1598,AMETEK INC,1996,1996-12-31,OK,Y,1
1598,AMETEK INC,1997,1997-12-31,OK,Y,1
1598,AMETEK INC,1998,1998-12-31,OK,Y,1
1598,AMETEK INC,1999,1999-12-31,OK,N,0
1598,AMETEK INC,2000,2000-12-31,OK,N,0
1598,AMETEK INC,2001,2001-12-31,OK,N,0
1598,AMETEK INC,2002,2002-12-31,OK,N,0
1598,AMETEK INC,2003,2003-12-31,OK,N,0
1598,AMETEK INC,2004,2004-12-31,OK,N,0
1598,AMETEK INC,2005,2005-12-31,OK,N,0
1598,AMETEK INC,2006,2006-12-31,OK,N,0
1598,AMETEK INC,2007,2007-12-31,OK,N,0
1598,AMETEK INC,2008,2008-12-31,OK,N,0
1598,AMETEK INC,2009,2009-12-31,OK,Y,1
1598,AMETEK INC,2010,2010-12-31,OK,N,0
1598,AMETEK INC,2011,2011-12-31,OK,N,0
1598,AMETEK INC,2012,2012-12-31,OK,N,0
1598,AMETEK INC,2013,2013-12-31,OK,Y,1
1598,AMETEK INC,2014,2014-12-31,OK,Y,1
1598,AMETEK INC,2015,2015-12-31,OK,N,0
1598,AMETEK INC,2016,2016-12-31,OK,N,0
1598,AMETEK INC,2017,2017-12-31,OK,N,0
1598,AMETEK INC,2018,2018-12-31,OK,N,0
1598,AMETEK INC,2019,2019-12-31,OK,N,0
1598,AMETEK INC,2020,2020-12-31,OK,N,0
1598,AMETEK INC,2021,2021-12-31,OK,N,0
1602,AMGEN INC,2005,2005-12-31,OK,Y,1
1602,AMGEN INC,2006,2006-12-31,OK,Y,1
1602,AMGEN INC,2007,2007-12-31,OK,Y,2
1602,AMGEN INC,2008,2008-12-31,OK,Y,1
1602,AMGEN INC,2009,2009-12-31,OK,Y,2
1602,AMGEN INC,2010,2010-12-31,OK,Y,1
1602,AMGEN INC,2011,2011-12-31,OK,N,0
1602,AMGEN INC,2012,2012-12-31,OK,N,0
1602,AMGEN INC,2013,2013-12-31,OK,N,0
1602,AMGEN INC,2014,2014-12-31,OK,N,0
1602,AMGEN INC,2015,2015-12-31,OK,Y,1
1602,AMGEN INC,2016,2016-12-31,OK,N,0
1602,AMGEN INC,2017,2017-12-31,OK,N,0
1602,AMGEN INC,2018,2018-12-31,OK,N,0
1602,AMGEN INC,2019,2019-12-31,OK,N,0
1602,AMGEN INC,2020,2020-12-31,OK,N,0
1602,AMGEN INC,2021,2021-12-31,OK,N,0
1608,AMP INC,1997,1997-12-31,OK,Y,3
1608,AMP INC,1998,1998-12-31,OK,Y,1
1609,AMOCO CORP,1996,1996-12-31,OK,Y,2
1609,AMOCO CORP,1997,1997-12-31,OK,Y,3
1613,AMPCO-PITTSBURGH CORP,1996,1996-12-31,OK,N,0
1613,AMPCO-PITTSBURGH CORP,1997,1997-12-31,OK,N,0
1613,AMPCO-PITTSBURGH CORP,1998,1998-12-31,OK,Y,1
1613,AMPCO-PITTSBURGH CORP,1999,1999-12-31,OK,N,0
1613,AMPCO-PITTSBURGH CORP,2000,2000-12-31,OK,Y,1
1613,AMPCO-PITTSBURGH CORP,2001,2001-12-31,OK,N,0
1613,AMPCO-PITTSBURGH CORP,2002,2002-12-31,OK,Y,1
1613,AMPCO-PITTSBURGH CORP,2003,2003-12-31,OK,Y,1
1613,AMPCO-PITTSBURGH CORP,2004,2004-12-31,OK,N,0
1613,AMPCO-PITTSBURGH CORP,2005,2005-12-31,OK,N,0
1613,AMPCO-PITTSBURGH CORP,2006,2006-12-31,OK,N,0
1613,AMPCO-PITTSBURGH CORP,2007,2007-12-31,OK,Y,1
1613,AMPCO-PITTSBURGH CORP,2008,2008-12-31,OK,N,0
1613,AMPCO-PITTSBURGH CORP,2009,2009-12-31,OK,Y,1
1613,AMPCO-PITTSBURGH CORP,2010,2010-12-31,OK,Y,1
1613,AMPCO-PITTSBURGH CORP,2011,2011-12-31,OK,N,0
1613,AMPCO-PITTSBURGH CORP,2012,2012-12-31,OK,N,0
1613,AMPCO-PITTSBURGH CORP,2013,2013-12-31,OK,N,0
1613,AMPCO-PITTSBURGH CORP,2014,2014-12-31,OK,N,0
1613,AMPCO-PITTSBURGH CORP,2015,2015-12-31,OK,N,0
1613,AMPCO-PITTSBURGH CORP,2016,2016-12-31,OK,N,0
1613,AMPCO-PITTSBURGH CORP,2017,2017-12-31,OK,N,0
1613,AMPCO-PITTSBURGH CORP,2018,2018-12-31,OK,N,0
1613,AMPCO-PITTSBURGH CORP,2019,2019-12-31,OK,N,0
1613,AMPCO-PITTSBURGH CORP,2020,2020-12-31,OK,N,0
1613,AMPCO-PITTSBURGH CORP,2021,2021-12-31,OK,N,0
1627,ANACOMP INC,1996,1996-09-30,OK,N,0
1627,ANACOMP INC,1997,1997-09-30,OK,Y,1
1627,ANACOMP INC,1998,1998-09-30,OK,Y,1
1627,ANACOMP INC,1999,1999-09-30,OK,Y,1
1627,ANACOMP INC,2000,2000-09-30,OK,N,0
1627,ANACOMP INC,2001,2001-09-30,OK,Y,1
1627,ANACOMP INC,2002,2002-09-30,OK,Y,1
1627,ANACOMP INC,2003,2003-09-30,OK,Y,1
1627,ANACOMP INC,2004,2004-09-30,OK,N,0
1632,ANALOG DEVICES INC,1996,1996-10-31,OK,Y,2
1632,ANALOG DEVICES INC,1997,1997-10-31,OK,Y,4
1632,ANALOG DEVICES INC,1998,1998-10-31,OK,Y,4
1632,ANALOG DEVICES INC,1999,1999-10-31,OK,Y,2
1632,ANALOG DEVICES INC,2000,2000-10-31,OK,Y,2
1632,ANALOG DEVICES INC,2001,2001-10-31,OK,N,0
1632,ANALOG DEVICES INC,2002,2002-10-31,OK,Y,1
1632,ANALOG DEVICES INC,2003,2003-10-31,OK,Y,1
1632,ANALOG DEVICES INC,2004,2004-10-31,OK,N,0
1632,ANALOG DEVICES INC,2005,2005-10-31,OK,Y,1
1632,ANALOG DEVICES INC,2006,2006-10-31,OK,Y,1
1632,ANALOG DEVICES INC,2007,2007-10-31,OK,Y,1
1632,ANALOG DEVICES INC,2008,2008-10-31,OK,Y,1
1632,ANALOG DEVICES INC,2009,2009-10-31,OK,Y,2
1632,ANALOG DEVICES INC,2010,2010-10-31,OK,Y,3
1632,ANALOG DEVICES INC,2011,2011-10-31,OK,Y,2
1632,ANALOG DEVICES INC,2012,2012-10-31,OK,N,0
1632,ANALOG DEVICES INC,2013,2013-10-31,OK,N,0
1632,ANALOG DEVICES INC,2014,2014-10-31,OK,N,0
1632,ANALOG DEVICES INC,2015,2015-10-31,OK,N,0
1632,ANALOG DEVICES INC,2016,2016-10-31,OK,Y,1
1632,ANALOG DEVICES INC,2017,2017-10-31,OK,Y,1
1632,ANALOG DEVICES INC,2018,2018-10-31,OK,N,0
1632,ANALOG DEVICES INC,2019,2019-10-31,OK,Y,1
1632,ANALOG DEVICES INC,2020,2020-10-31,OK,N,0
1632,ANALOG DEVICES INC,2021,2021-10-31,OK,N,0
1659,ANDERSONS INC,1996,1996-12-31,OK,N,0
1659,ANDERSONS INC,1997,1997-12-31,OK,Y,1
1659,ANDERSONS INC,1998,1998-12-31,OK,Y,1
1659,ANDERSONS INC,1999,1999-12-31,OK,Y,1
1659,ANDERSONS INC,2000,2000-12-31,OK,Y,1
1659,ANDERSONS INC,2001,2001-12-31,OK,Y,1
1659,ANDERSONS INC,2002,2002-12-31,OK,Y,1
1659,ANDERSONS INC,2003,2003-12-31,OK,N,0
1659,ANDERSONS INC,2004,2004-12-31,OK,N,0
1659,ANDERSONS INC,2005,2005-12-31,OK,N,0
1659,ANDERSONS INC,2006,2006-12-31,OK,N,0
1659,ANDERSONS INC,2007,2007-12-31,OK,N,0
1659,ANDERSONS INC,2008,2008-12-31,OK,N,0
1659,ANDERSONS INC,2009,2009-12-31,OK,N,0
1659,ANDERSONS INC,2010,2010-12-31,OK,N,0
1659,ANDERSONS INC,2011,2011-12-31,OK,N,0
1659,ANDERSONS INC,2012,2012-12-31,OK,Y,1
1659,ANDERSONS INC,2013,2013-12-31,OK,Y,1
1659,ANDERSONS INC,2014,2014-12-31,OK,Y,1
1659,ANDERSONS INC,2015,2015-12-31,OK,N,0
1659,ANDERSONS INC,2016,2016-12-31,OK,N,0
1659,ANDERSONS INC,2017,2017-12-31,OK,N,0
1659,ANDERSONS INC,2018,2018-12-31,OK,N,0
1659,ANDERSONS INC,2019,2019-12-31,OK,N,0
1659,ANDERSONS INC,2020,2020-12-31,OK,N,0
1659,ANDERSONS INC,2021,2021-12-31,OK,N,0
1663,ANHEUSER-BUSCH COS INC,1997,1997-12-31,OK,Y,1
1663,ANHEUSER-BUSCH COS INC,1998,1998-12-31,OK,Y,2
1663,ANHEUSER-BUSCH COS INC,1999,1999-12-31,OK,Y,2
1663,ANHEUSER-BUSCH COS INC,2005,2005-12-31,OK,Y,1
1663,ANHEUSER-BUSCH COS INC,2006,2006-12-31,OK,Y,1
1663,ANHEUSER-BUSCH COS INC,2007,2007-12-31,OK,Y,1
1678,APA CORP,1996,1996-12-31,OK,N,0
1678,APA CORP,1997,1997-12-31,OK,N,0
1678,APA CORP,1998,1998-12-31,OK,Y,2
1678,APA CORP,1999,1999-12-31,OK,Y,2
1678,APA CORP,2000,2000-12-31,OK,Y,2
1678,APA CORP,2001,2001-12-31,OK,N,0
1678,APA CORP,2002,2002-12-31,OK,Y,1
1678,APA CORP,2003,2003-12-31,OK,Y,1
1678,APA CORP,2004,2004-12-31,OK,Y,1
1678,APA CORP,2005,2005-12-31,OK,Y,1
1678,APA CORP,2006,2006-12-31,OK,Y,1
1678,APA CORP,2007,2007-12-31,OK,Y,1
1678,APA CORP,2008,2008-12-31,OK,Y,1
1678,APA CORP,2009,2009-12-31,OK,Y,1
1678,APA CORP,2010,2010-12-31,OK,Y,1
1678,APA CORP,2011,2011-12-31,OK,Y,1
1678,APA CORP,2012,2012-12-31,OK,N,0
1678,APA CORP,2013,2013-12-31,OK,Y,1
1678,APA CORP,2014,2014-12-31,OK,Y,1
1678,APA CORP,2015,2015-12-31,OK,N,0
1678,APA CORP,2016,2016-12-31,OK,N,0
1678,APA CORP,2017,2017-12-31,OK,N,0
1678,APA CORP,2018,2018-12-31,OK,N,0
1678,APA CORP,2019,2019-12-31,OK,N,0
1678,APA CORP,2020,2020-12-31,OK,N,0
1678,APA CORP,2021,2021-12-31,OK,N,0
1690,APPLE INC,1996,1996-09-30,OK,Y,3
1690,APPLE INC,1997,1997-09-30,OK,Y,2
1690,APPLE INC,1998,1998-09-30,OK,Y,1
1690,APPLE INC,1999,1999-09-30,OK,Y,1
1690,APPLE INC,2000,2000-09-30,OK,Y,1
1690,APPLE INC,2001,2001-09-30,OK,N,0
1690,APPLE INC,2002,2002-09-30,OK,Y,1
1690,APPLE INC,2003,2003-09-30,OK,Y,1
1690,APPLE INC,2004,2004-09-30,OK,Y,1
1690,APPLE INC,2005,2005-09-30,OK,Y,1
1690,APPLE INC,2006,2006-09-30,OK,Y,1
1690,APPLE INC,2007,2007-09-30,OK,Y,1
1690,APPLE INC,2008,2008-09-30,OK,Y,1
1690,APPLE INC,2009,2009-09-30,OK,Y,1
1690,APPLE INC,2010,2010-09-30,OK,Y,1
1690,APPLE INC,2011,2011-09-30,OK,Y,1
1690,APPLE INC,2012,2012-09-30,OK,Y,1
1690,APPLE INC,2013,2013-09-30,OK,Y,2
1690,APPLE INC,2014,2014-09-30,OK,Y,2
1690,APPLE INC,2015,2015-09-30,OK,Y,1
1690,APPLE INC,2016,2016-09-30,OK,Y,2
1690,APPLE INC,2017,2017-09-30,OK,Y,1
1690,APPLE INC,2018,2018-09-30,OK,Y,1
1690,APPLE INC,2019,2019-09-30,OK,Y,2
1690,APPLE INC,2020,2020-09-30,OK,Y,1
1690,APPLE INC,2021,2021-09-30,OK,Y,1
1704,APPLIED MATERIALS INC,1996,1996-10-31,OK,Y,1
1704,APPLIED MATERIALS INC,2002,2002-10-31,OK,Y,1
1704,APPLIED MATERIALS INC,2006,2006-10-31,OK,N,0
1704,APPLIED MATERIALS INC,2008,2008-10-31,OK,N,0
1704,APPLIED MATERIALS INC,2009,2009-10-31,OK,N,0
1704,APPLIED MATERIALS INC,2010,2010-10-31,OK,N,0
1704,APPLIED MATERIALS INC,2011,2011-10-31,OK,N,0
1704,APPLIED MATERIALS INC,2012,2012-10-31,OK,N,0
1704,APPLIED MATERIALS INC,2013,2013-10-31,OK,N,0
1704,APPLIED MATERIALS INC,2014,2014-10-31,OK,N,0
1704,APPLIED MATERIALS INC,2015,2015-10-31,OK,N,0
1704,APPLIED MATERIALS INC,2016,2016-10-31,OK,N,0
1704,APPLIED MATERIALS INC,2017,2017-10-31,OK,N,0
1704,APPLIED MATERIALS INC,2018,2018-10-31,OK,N,0
1704,APPLIED MATERIALS INC,2019,2019-10-31,OK,Y,1
1704,APPLIED MATERIALS INC,2020,2020-10-31,OK,N,0
1704,APPLIED MATERIALS INC,2021,2021-10-31,OK,N,0
1722,ARCHER-DANIELS-MIDLAND CO,2003,2003-06-30,NA,N,0
1722,ARCHER-DANIELS-MIDLAND CO,2004,2004-06-30,NA,N,0
1722,ARCHER-DANIELS-MIDLAND CO,2007,2007-06-30,NA,N,0
1722,ARCHER-DANIELS-MIDLAND CO,2008,2008-06-30,NA,N,0
1722,ARCHER-DANIELS-MIDLAND CO,2009,2009-06-30,NA,N,0
1722,ARCHER-DANIELS-MIDLAND CO,2010,2010-06-30,NA,N,0
1722,ARCHER-DANIELS-MIDLAND CO,2011,2011-06-30,NA,N,0
1722,ARCHER-DANIELS-MIDLAND CO,2012,2012-06-30,NA,N,0
1722,ARCHER-DANIELS-MIDLAND CO,2013,2013-12-31,NA,N,0
1722,ARCHER-DANIELS-MIDLAND CO,2014,2014-12-31,NA,N,0
1722,ARCHER-DANIELS-MIDLAND CO,2015,2015-12-31,NA,N,0
1722,ARCHER-DANIELS-MIDLAND CO,2016,2016-12-31,NA,N,0
1722,ARCHER-DANIELS-MIDLAND CO,2017,2017-12-31,NA,N,0
1722,ARCHER-DANIELS-MIDLAND CO,2018,2018-12-31,NA,N,0
1722,ARCHER-DANIELS-MIDLAND CO,2019,2019-12-31,NA,N,0
1722,ARCHER-DANIELS-MIDLAND CO,2020,2020-12-31,NA,N,0
1722,ARCHER-DANIELS-MIDLAND CO,2021,2021-12-31,NA,N,0
1755,ARMCO INC,1997,1997-12-31,OK,Y,2
1755,ARMCO INC,1998,1998-12-31,OK,Y,2
1762,ARMSTRONG HOLDINGS INC,1996,1996-12-31,OK,Y,1
1762,ARMSTRONG HOLDINGS INC,1997,1997-12-31,OK,Y,1
1762,ARMSTRONG HOLDINGS INC,1998,1998-12-31,OK,Y,1
1762,ARMSTRONG HOLDINGS INC,1999,1999-12-31,OK,Y,1
1762,ARMSTRONG HOLDINGS INC,2000,2000-12-31,OK,Y,1
1762,ARMSTRONG HOLDINGS INC,2001,2001-12-31,OK,Y,1
1762,ARMSTRONG HOLDINGS INC,2002,2002-12-31,OK,Y,1
1762,ARMSTRONG HOLDINGS INC,2003,2003-12-31,OK,N,0
1762,ARMSTRONG HOLDINGS INC,2004,2004-12-31,OK,N,0
1762,ARMSTRONG HOLDINGS INC,2005,2005-12-31,OK,N,0
1762,ARMSTRONG HOLDINGS INC,2006,2006-12-31,OK,N,0
1773,ARROW ELECTRONICS INC,1996,1996-12-31,OK,N,0
1773,ARROW ELECTRONICS INC,2002,2002-12-31,OK,Y,1
1773,ARROW ELECTRONICS INC,2005,2005-12-31,OK,N,0
1773,ARROW ELECTRONICS INC,2006,2006-12-31,OK,N,0
1773,ARROW ELECTRONICS INC,2007,2007-12-31,OK,N,0
1773,ARROW ELECTRONICS INC,2008,2008-12-31,OK,N,0
1773,ARROW ELECTRONICS INC,2009,2009-12-31,OK,N,0
1773,ARROW ELECTRONICS INC,2010,2010-12-31,OK,N,0
1773,ARROW ELECTRONICS INC,2011,2011-12-31,OK,N,0
1773,ARROW ELECTRONICS INC,2012,2012-12-31,OK,N,0
1773,ARROW ELECTRONICS INC,2013,2013-12-31,OK,N,0
1773,ARROW ELECTRONICS INC,2014,2014-12-31,OK,N,0
1773,ARROW ELECTRONICS INC,2015,2015-12-31,OK,N,0
1773,ARROW ELECTRONICS INC,2016,2016-12-31,OK,N,0
1773,ARROW ELECTRONICS INC,2017,2017-12-31,OK,N,0
1773,ARROW ELECTRONICS INC,2018,2018-12-31,OK,N,0
1773,ARROW ELECTRONICS INC,2019,2019-12-31,OK,N,0
1773,ARROW ELECTRONICS INC,2020,2020-12-31,OK,N,0
1773,ARROW ELECTRONICS INC,2021,2021-12-31,OK,N,0
1786,ARVIN INDUSTRIES INC,1996,1996-12-31,OK,Y,1
1786,ARVIN INDUSTRIES INC,1997,1997-12-31,OK,Y,1
1786,ARVIN INDUSTRIES INC,1998,1998-12-31,OK,Y,1
1786,ARVIN INDUSTRIES INC,1999,1999-12-31,OK,Y,1
1789,ASARCO INC,1997,1997-12-31,OK,Y,2
1789,ASARCO INC,1998,1998-12-31,OK,Y,1
1794,ASHLAND INC,1996,1996-09-30,OK,Y,3
1794,ASHLAND INC,1997,1997-09-30,OK,Y,2
1794,ASHLAND INC,1998,1998-09-30,OK,Y,4
1794,ASHLAND INC,1999,1999-09-30,OK,Y,2
1794,ASHLAND INC,2000,2000-09-30,OK,Y,2
1794,ASHLAND INC,2001,2001-09-30,OK,Y,3
1794,ASHLAND INC,2002,2002-09-30,OK,Y,2
1794,ASHLAND INC,2003,2003-09-30,OK,N,0
1794,ASHLAND INC,2004,2004-09-30,OK,Y,1
1794,ASHLAND INC,2005,2005-09-30,OK,N,0
1794,ASHLAND INC,2006,2006-09-30,OK,N,0
1794,ASHLAND INC,2007,2007-09-30,OK,N,0
1794,ASHLAND INC,2008,2008-09-30,OK,N,0
1794,ASHLAND INC,2009,2009-09-30,OK,Y,1
1794,ASHLAND INC,2010,2010-09-30,OK,Y,1
1794,ASHLAND INC,2011,2011-09-30,OK,N,0
1794,ASHLAND INC,2012,2012-09-30,OK,N,0
1794,ASHLAND INC,2013,2013-09-30,OK,N,0
1794,ASHLAND INC,2014,2014-09-30,OK,N,0
1794,ASHLAND INC,2015,2015-09-30,OK,N,0
1794,ASHLAND INC,2016,2016-09-30,OK,N,0
1794,ASHLAND INC,2017,2017-09-30,OK,N,0
1794,ASHLAND INC,2018,2018-09-30,OK,N,0
1794,ASHLAND INC,2019,2019-09-30,OK,Y,1
1794,ASHLAND INC,2020,2020-09-30,OK,N,0
1794,ASHLAND INC,2021,2021-09-30,OK,N,0
1848,ATLANTIC RICHFIELD CO,1996,1996-12-31,OK,Y,1
1848,ATLANTIC RICHFIELD CO,1997,1997-12-31,OK,Y,1
1848,ATLANTIC RICHFIELD CO,1998,1998-12-31,OK,Y,1
1848,ATLANTIC RICHFIELD CO,1999,1999-12-31,OK,N,0
1891,AUTOMATIC DATA PROCESSING,1996,1996-06-30,OK,Y,2
1891,AUTOMATIC DATA PROCESSING,1997,1997-06-30,OK,Y,2
1891,AUTOMATIC DATA PROCESSING,1998,1998-06-30,OK,Y,1
1891,AUTOMATIC DATA PROCESSING,1999,1999-06-30,OK,Y,2
1891,AUTOMATIC DATA PROCESSING,2000,2000-06-30,OK,Y,2
1891,AUTOMATIC DATA PROCESSING,2001,2001-06-30,OK,Y,1
1891,AUTOMATIC DATA PROCESSING,2002,2002-06-30,OK,Y,4
1891,AUTOMATIC DATA PROCESSING,2003,2003-06-30,OK,Y,2
1891,AUTOMATIC DATA PROCESSING,2004,2004-06-30,OK,Y,2
1891,AUTOMATIC DATA PROCESSING,2005,2005-06-30,OK,Y,2
1891,AUTOMATIC DATA PROCESSING,2006,2006-06-30,OK,Y,1
1891,AUTOMATIC DATA PROCESSING,2007,2007-06-30,OK,Y,1
1891,AUTOMATIC DATA PROCESSING,2008,2008-06-30,OK,N,0
1891,AUTOMATIC DATA PROCESSING,2009,2009-06-30,OK,Y,1
1891,AUTOMATIC DATA PROCESSING,2010,2010-06-30,OK,Y,1
1891,AUTOMATIC DATA PROCESSING,2011,2011-06-30,OK,N,0
1891,AUTOMATIC DATA PROCESSING,2012,2012-06-30,OK,N,0
1891,AUTOMATIC DATA PROCESSING,2013,2013-06-30,OK,N,0
1891,AUTOMATIC DATA PROCESSING,2014,2014-06-30,OK,N,0
1891,AUTOMATIC DATA PROCESSING,2015,2015-06-30,OK,N,0
1891,AUTOMATIC DATA PROCESSING,2016,2016-06-30,OK,N,0
1891,AUTOMATIC DATA PROCESSING,2017,2017-06-30,OK,N,0
1891,AUTOMATIC DATA PROCESSING,2018,2018-06-30,OK,N,0
1891,AUTOMATIC DATA PROCESSING,2019,2019-06-30,OK,N,0
1891,AUTOMATIC DATA PROCESSING,2020,2020-06-30,OK,N,0
1891,AUTOMATIC DATA PROCESSING,2021,2021-06-30,OK,N,0
1913,AVERY DENNISON CORP,1996,1996-12-31,OK,N,0
1913,AVERY DENNISON CORP,1997,1997-12-31,OK,Y,3
1913,AVERY DENNISON CORP,1999,1999-12-31,OK,Y,5
1913,AVERY DENNISON CORP,2000,2000-12-31,OK,Y,2
1913,AVERY DENNISON CORP,2003,2003-12-31,OK,Y,3
1913,AVERY DENNISON CORP,2004,2004-12-31,OK,Y,2
1913,AVERY DENNISON CORP,2005,2005-12-31,OK,Y,1
1913,AVERY DENNISON CORP,2006,2006-12-31,OK,Y,2
1913,AVERY DENNISON CORP,2007,2007-12-31,OK,Y,1
1913,AVERY DENNISON CORP,2008,2008-12-31,OK,Y,1
1913,AVERY DENNISON CORP,2009,2009-12-31,OK,N,0
1913,AVERY DENNISON CORP,2010,2010-12-31,OK,Y,2
1913,AVERY DENNISON CORP,2011,2011-12-31,OK,Y,1
1913,AVERY DENNISON CORP,2012,2012-12-31,OK,Y,1
1913,AVERY DENNISON CORP,2013,2013-12-31,OK,Y,1
1913,AVERY DENNISON CORP,2014,2014-12-31,OK,N,0
1913,AVERY DENNISON CORP,2015,2015-12-31,OK,Y,1
1913,AVERY DENNISON CORP,2016,2016-12-31,OK,Y,2
1913,AVERY DENNISON CORP,2018,2018-12-31,OK,N,0
1913,AVERY DENNISON CORP,2019,2019-12-31,OK,N,0
1913,AVERY DENNISON CORP,2020,2020-12-31,OK,N,0
1913,AVERY DENNISON CORP,2021,2021-12-31,OK,Y,1
1919,AVNET INC,1996,1996-06-30,OK,Y,3
1919,AVNET INC,1997,1997-06-30,OK,Y,3
1919,AVNET INC,1998,1998-06-30,OK,Y,2
1919,AVNET INC,1999,1999-06-30,OK,Y,2
1919,AVNET INC,2000,2000-06-30,OK,Y,1
1919,AVNET INC,2001,2001-06-30,OK,Y,1
1919,AVNET INC,2003,2003-06-30,OK,N,0
1919,AVNET INC,2004,2004-06-30,OK,N,0
1919,AVNET INC,2005,2005-06-30,OK,N,0
1919,AVNET INC,2006,2006-06-30,OK,N,0
1919,AVNET INC,2007,2007-06-30,OK,N,0
1919,AVNET INC,2008,2008-06-30,OK,N,0
1919,AVNET INC,2009,2009-06-30,OK,N,0
1919,AVNET INC,2010,2010-06-30,OK,N,0
1919,AVNET INC,2011,2011-06-30,OK,N,0
1919,AVNET INC,2012,2012-06-30,OK,N,0
1919,AVNET INC,2013,2013-06-30,OK,N,0
1919,AVNET INC,2014,2014-06-30,OK,N,0
1919,AVNET INC,2015,2015-06-30,OK,N,0
1919,AVNET INC,2016,2016-06-30,OK,N,0
1919,AVNET INC,2017,2017-06-30,OK,N,0
1919,AVNET INC,2018,2018-06-30,OK,N,0
1919,AVNET INC,2019,2019-06-30,OK,N,0
1919,AVNET INC,2020,2020-06-30,OK,N,0
1919,AVNET INC,2021,2021-06-30,OK,N,0
1920,AVON PRODUCTS,1996,1996-12-31,OK,Y,3
1920,AVON PRODUCTS,1997,1997-12-31,OK,Y,3
1920,AVON PRODUCTS,1998,1998-12-31,OK,Y,3
1920,AVON PRODUCTS,1999,1999-12-31,OK,Y,3
1920,AVON PRODUCTS,2000,2000-12-31,OK,Y,3
1920,AVON PRODUCTS,2001,2001-12-31,OK,Y,3
1920,AVON PRODUCTS,2002,2002-12-31,OK,Y,4
1920,AVON PRODUCTS,2003,2003-12-31,OK,Y,2
1920,AVON PRODUCTS,2004,2004-12-31,OK,Y,2
1920,AVON PRODUCTS,2005,2005-12-31,OK,Y,1
1920,AVON PRODUCTS,2006,2006-12-31,OK,Y,1
1920,AVON PRODUCTS,2007,2007-12-31,OK,Y,1
1920,AVON PRODUCTS,2008,2008-12-31,OK,Y,2
1920,AVON PRODUCTS,2009,2009-12-31,OK,Y,1
1920,AVON PRODUCTS,2010,2010-12-31,OK,Y,1
1920,AVON PRODUCTS,2011,2011-12-31,OK,Y,1
1920,AVON PRODUCTS,2012,2012-12-31,OK,N,0
1920,AVON PRODUCTS,2013,2013-12-31,OK,N,0
1920,AVON PRODUCTS,2014,2014-12-31,OK,N,0
1920,AVON PRODUCTS,2015,2015-12-31,OK,N,0
1920,AVON PRODUCTS,2016,2016-12-31,OK,N,0
1920,AVON PRODUCTS,2017,2017-12-31,OK,N,0
1920,AVON PRODUCTS,2018,2018-12-31,OK,N,0
1953,CERPLEX GROUP INC,1996,1996-09-30,OK,N,0
1953,CERPLEX GROUP INC,1997,1997-09-30,OK,N,0
1953,CERPLEX GROUP INC,1998,1998-09-30,OK,Y,1
1953,CERPLEX GROUP INC,1999,1999-09-30,OK,N,0
1968,BADGER METER INC,1996,1996-12-31,OK,N,0
1968,BADGER METER INC,1997,1997-12-31,OK,Y,1
1968,BADGER METER INC,1998,1998-12-31,OK,Y,1
1968,BADGER METER INC,1999,1999-12-31,OK,Y,1
1968,BADGER METER INC,2000,2000-12-31,OK,Y,1
1968,BADGER METER INC,2001,2001-12-31,OK,Y,1
1968,BADGER METER INC,2002,2002-12-31,OK,N,0
1968,BADGER METER INC,2003,2003-12-31,OK,N,0
1968,BADGER METER INC,2004,2004-12-31,OK,N,0
1968,BADGER METER INC,2005,2005-12-31,OK,N,0
1968,BADGER METER INC,2006,2006-12-31,OK,N,0
1968,BADGER METER INC,2007,2007-12-31,OK,N,0
1968,BADGER METER INC,2008,2008-12-31,OK,N,0
1968,BADGER METER INC,2009,2009-12-31,OK,N,0
1968,BADGER METER INC,2010,2010-12-31,OK,N,0
1968,BADGER METER INC,2011,2011-12-31,OK,N,0
1968,BADGER METER INC,2012,2012-12-31,OK,Y,1
1968,BADGER METER INC,2013,2013-12-31,OK,Y,1
1968,BADGER METER INC,2014,2014-12-31,OK,Y,1
1968,BADGER METER INC,2015,2015-12-31,OK,N,0
1968,BADGER METER INC,2016,2016-12-31,OK,N,0
1968,BADGER METER INC,2017,2017-12-31,OK,N,0
1968,BADGER METER INC,2018,2018-12-31,OK,N,0
1968,BADGER METER INC,2019,2019-12-31,OK,N,0
1968,BADGER METER INC,2020,2020-12-31,OK,N,0
1968,BADGER METER INC,2021,2021-12-31,OK,N,0
1969,BADGER PAPER MILLS INC,1996,1996-12-31,OK,N,0
1969,BADGER PAPER MILLS INC,1997,1997-12-31,OK,Y,1
1969,BADGER PAPER MILLS INC,1998,1998-12-31,OK,Y,1
1969,BADGER PAPER MILLS INC,1999,1999-12-31,OK,N,0
1969,BADGER PAPER MILLS INC,2000,2000-12-31,OK,N,0
1969,BADGER PAPER MILLS INC,2001,2001-12-31,OK,N,0
1969,BADGER PAPER MILLS INC,2002,2002-12-31,OK,N,0
1969,BADGER PAPER MILLS INC,2003,2003-12-31,OK,N,0
1969,BADGER PAPER MILLS INC,2004,2004-12-31,OK,N,0
1971,BAIRNCO CORP,1996,1996-12-31,OK,N,0
1971,BAIRNCO CORP,1997,1997-12-31,OK,Y,1
1971,BAIRNCO CORP,1998,1998-12-31,OK,Y,1
1971,BAIRNCO CORP,1999,1999-12-31,OK,Y,1
1971,BAIRNCO CORP,2000,2000-12-31,OK,Y,1
1971,BAIRNCO CORP,2001,2001-12-31,OK,Y,1
1971,BAIRNCO CORP,2002,2002-12-31,OK,Y,1
1971,BAIRNCO CORP,2003,2003-12-31,OK,Y,1
1971,BAIRNCO CORP,2004,2004-12-31,OK,Y,1
1971,BAIRNCO CORP,2005,2005-12-31,OK,Y,1
1971,BAIRNCO CORP,2006,2006-12-31,OK,N,0
1976,BAKER HUGHES INC,1996,1996-09-30,TL,N,0
1976,BAKER HUGHES INC,1997,1997-09-30,TL,N,0
1976,BAKER HUGHES INC,1998,1998-12-31,TL,N,0
1976,BAKER HUGHES INC,1999,1999-12-31,TL,N,0
1976,BAKER HUGHES INC,2000,2000-12-31,TL,N,0
1976,BAKER HUGHES INC,2001,2001-12-31,TL,N,0
1976,BAKER HUGHES INC,2003,2003-12-31,TL,N,0
1976,BAKER HUGHES INC,2004,2004-12-31,TL,N,0
1976,BAKER HUGHES INC,2005,2005-12-31,TL,N,0
1976,BAKER HUGHES INC,2006,2006-12-31,TL,N,0
1976,BAKER HUGHES INC,2007,2007-12-31,TL,N,0
1976,BAKER HUGHES INC,2008,2008-12-31,TL,N,0
1976,BAKER HUGHES INC,2009,2009-12-31,TL,N,0
1976,BAKER HUGHES INC,2010,2010-12-31,TL,N,0
1976,BAKER HUGHES INC,2011,2011-12-31,TL,N,0
1976,BAKER HUGHES INC,2012,2012-12-31,TL,N,0
1976,BAKER HUGHES INC,2013,2013-12-31,TL,N,0
1976,BAKER HUGHES INC,2014,2014-12-31,TL,N,0
1976,BAKER HUGHES INC,2015,2015-12-31,TL,N,0
1976,BAKER HUGHES INC,2016,2016-12-31,TL,N,0
1988,BALL CORP,1996,1996-12-31,OK,N,0
1988,BALL CORP,1997,1997-12-31,OK,Y,1
1988,BALL CORP,1998,1998-12-31,OK,Y,1
1988,BALL CORP,1999,1999-12-31,OK,Y,1
1988,BALL CORP,2000,2000-12-31,OK,Y,1
1988,BALL CORP,2002,2002-12-31,OK,Y,3
1988,BALL CORP,2003,2003-12-31,OK,Y,2
1988,BALL CORP,2004,2004-12-31,OK,N,0
1988,BALL CORP,2005,2005-12-31,OK,N,0
1988,BALL CORP,2006,2006-12-31,OK,N,0
1988,BALL CORP,2007,2007-12-31,OK,N,0
1988,BALL CORP,2008,2008-12-31,OK,N,0
1988,BALL CORP,2009,2009-12-31,OK,N,0
1988,BALL CORP,2010,2010-12-31,OK,N,0
1988,BALL CORP,2011,2011-12-31,OK,N,0
1988,BALL CORP,2012,2012-12-31,OK,Y,1
1988,BALL CORP,2013,2013-12-31,OK,Y,1
1988,BALL CORP,2014,2014-12-31,OK,Y,1
1988,BALL CORP,2015,2015-12-31,OK,N,0
1988,BALL CORP,2016,2016-12-31,OK,N,0
1988,BALL CORP,2017,2017-12-31,OK,N,0
1988,BALL CORP,2018,2018-12-31,OK,N,0
1988,BALL CORP,2019,2019-12-31,OK,N,0
1988,BALL CORP,2020,2020-12-31,OK,N,0
1988,BALL CORP,2021,2021-12-31,OK,N,0
2008,BANDAG INC,1996,1996-12-31,OK,N,0
2008,BANDAG INC,1997,1997-12-31,OK,Y,1
2008,BANDAG INC,1998,1998-12-31,OK,Y,1
2008,BANDAG INC,1999,1999-12-31,OK,Y,1
2008,BANDAG INC,2000,2000-12-31,OK,Y,1
2008,BANDAG INC,2001,2001-12-31,OK,Y,1
2008,BANDAG INC,2002,2002-12-31,OK,N,0
2008,BANDAG INC,2003,2003-12-31,OK,N,0
2008,BANDAG INC,2004,2004-12-31,OK,N,0
2008,BANDAG INC,2005,2005-12-31,OK,N,0
2008,BANDAG INC,2006,2006-12-31,OK,N,0
2033,FAIRCHILD CORP  -CL A,1996,1996-06-30,NA,N,0
2033,FAIRCHILD CORP  -CL A,1997,1997-06-30,NA,N,0
2033,FAIRCHILD CORP  -CL A,1998,1998-06-30,NA,N,0
2033,FAIRCHILD CORP  -CL A,1999,1999-06-30,NA,N,0
2033,FAIRCHILD CORP  -CL A,2000,2000-06-30,NA,N,0
2033,FAIRCHILD CORP  -CL A,2001,2001-06-30,NA,N,0
2033,FAIRCHILD CORP  -CL A,2002,2002-06-30,NA,N,0
2033,FAIRCHILD CORP  -CL A,2003,2003-06-30,NA,N,0
2033,FAIRCHILD CORP  -CL A,2004,2004-09-30,NA,N,0
2033,FAIRCHILD CORP  -CL A,2005,2005-09-30,NA,N,0
2033,FAIRCHILD CORP  -CL A,2006,2006-09-30,NA,N,0
2033,FAIRCHILD CORP  -CL A,2007,2007-09-30,NA,N,0
2034,BANTA CORP,1996,1996-12-31,OK,N,0
2034,BANTA CORP,1997,1997-12-31,OK,N,0
2034,BANTA CORP,1998,1998-12-31,OK,N,0
2034,BANTA CORP,1999,1999-12-31,OK,N,0
2034,BANTA CORP,2000,2000-12-31,OK,N,0
2034,BANTA CORP,2001,2001-12-31,OK,Y,1
2034,BANTA CORP,2002,2002-12-31,OK,Y,1
2034,BANTA CORP,2003,2003-12-31,OK,N,0
2034,BANTA CORP,2004,2004-12-31,OK,N,0
2034,BANTA CORP,2005,2005-12-31,OK,N,0
2044,BARD (C.R.) INC,1996,1996-12-31,OK,N,0
2044,BARD (C.R.) INC,1997,1997-12-31,OK,N,0
2044,BARD (C.R.) INC,1998,1998-12-31,OK,N,0
2044,BARD (C.R.) INC,1999,1999-12-31,OK,N,0
2044,BARD (C.R.) INC,2000,2000-12-31,OK,N,0
2044,BARD (C.R.) INC,2001,2001-12-31,OK,N,0
2044,BARD (C.R.) INC,2002,2002-12-31,OK,N,0
2044,BARD (C.R.) INC,2003,2003-12-31,OK,N,0
2044,BARD (C.R.) INC,2004,2004-12-31,OK,N,0
2044,BARD (C.R.) INC,2005,2005-12-31,OK,N,0
2044,BARD (C.R.) INC,2006,2006-12-31,OK,N,0
2044,BARD (C.R.) INC,2007,2007-12-31,OK,N,0
2044,BARD (C.R.) INC,2008,2008-12-31,OK,N,0
2044,BARD (C.R.) INC,2009,2009-12-31,OK,Y,1
2044,BARD (C.R.) INC,2010,2010-12-31,OK,N,0
2044,BARD (C.R.) INC,2011,2011-12-31,OK,N,0
2044,BARD (C.R.) INC,2012,2012-12-31,OK,N,0
2044,BARD (C.R.) INC,2013,2013-12-31,OK,N,0
2044,BARD (C.R.) INC,2014,2014-12-31,OK,N,0
2044,BARD (C.R.) INC,2015,2015-12-31,OK,N,0
2044,BARD (C.R.) INC,2016,2016-12-31,OK,N,0
2049,BARNES GROUP INC,1996,1996-12-31,OK,Y,1
2049,BARNES GROUP INC,1997,1997-12-31,OK,Y,2
2049,BARNES GROUP INC,1998,1998-12-31,OK,Y,2
2049,BARNES GROUP INC,1999,1999-12-31,OK,Y,2
2049,BARNES GROUP INC,2000,2000-12-31,OK,Y,2
2049,BARNES GROUP INC,2001,2001-12-31,OK,Y,1
2049,BARNES GROUP INC,2002,2002-12-31,OK,Y,1
2049,BARNES GROUP INC,2003,2003-12-31,OK,Y,1
2049,BARNES GROUP INC,2004,2004-12-31,OK,Y,1
2049,BARNES GROUP INC,2005,2005-12-31,OK,Y,1
2049,BARNES GROUP INC,2006,2006-12-31,OK,Y,1
2049,BARNES GROUP INC,2007,2007-12-31,OK,Y,1
2049,BARNES GROUP INC,2008,2008-12-31,OK,Y,1
2049,BARNES GROUP INC,2009,2009-12-31,OK,Y,1
2049,BARNES GROUP INC,2010,2010-12-31,OK,Y,1
2049,BARNES GROUP INC,2011,2011-12-31,OK,N,0
2049,BARNES GROUP INC,2012,2012-12-31,OK,N,0
2049,BARNES GROUP INC,2013,2013-12-31,OK,N,0
2049,BARNES GROUP INC,2014,2014-12-31,OK,N,0
2049,BARNES GROUP INC,2015,2015-12-31,OK,N,0
2049,BARNES GROUP INC,2016,2016-12-31,OK,N,0
2049,BARNES GROUP INC,2017,2017-12-31,OK,N,0
2049,BARNES GROUP INC,2018,2018-12-31,OK,N,0
2049,BARNES GROUP INC,2019,2019-12-31,OK,N,0
2049,BARNES GROUP INC,2020,2020-12-31,OK,N,0
2049,BARNES GROUP INC,2021,2021-12-31,OK,N,0
2080,BASSETT FURNITURE INDS,1996,1996-11-30,NA,N,0
2080,BASSETT FURNITURE INDS,1997,1997-11-30,NA,N,0
2080,BASSETT FURNITURE INDS,1998,1998-11-30,NA,N,0
2080,BASSETT FURNITURE INDS,1999,1999-11-30,NA,N,0
2080,BASSETT FURNITURE INDS,2000,2000-11-30,NA,N,0
2080,BASSETT FURNITURE INDS,2001,2001-11-30,NA,N,0
2080,BASSETT FURNITURE INDS,2002,2002-11-30,NA,N,0
2080,BASSETT FURNITURE INDS,2003,2003-11-30,NA,N,0
2080,BASSETT FURNITURE INDS,2004,2004-11-30,NA,N,0
2080,BASSETT FURNITURE INDS,2005,2005-11-30,NA,N,0
2080,BASSETT FURNITURE INDS,2006,2006-11-30,NA,N,0
2080,BASSETT FURNITURE INDS,2007,2007-11-30,NA,N,0
2080,BASSETT FURNITURE INDS,2008,2008-11-30,NA,N,0
2080,BASSETT FURNITURE INDS,2009,2009-11-30,NA,N,0
2080,BASSETT FURNITURE INDS,2010,2010-11-30,NA,N,0
2080,BASSETT FURNITURE INDS,2011,2011-11-30,NA,N,0
2080,BASSETT FURNITURE INDS,2012,2012-11-30,NA,N,0
2080,BASSETT FURNITURE INDS,2013,2013-11-30,NA,N,0
2080,BASSETT FURNITURE INDS,2014,2014-11-30,NA,N,0
2080,BASSETT FURNITURE INDS,2015,2015-11-30,NA,N,0
2080,BASSETT FURNITURE INDS,2016,2016-11-30,NA,N,0
2080,BASSETT FURNITURE INDS,2017,2017-11-30,NA,N,0
2080,BASSETT FURNITURE INDS,2018,2018-11-30,NA,N,0
2080,BASSETT FURNITURE INDS,2019,2019-11-30,NA,N,0
2080,BASSETT FURNITURE INDS,2020,2020-11-30,NA,N,0
2080,BASSETT FURNITURE INDS,2021,2021-11-30,NA,N,0
2085,BAUSCH & LOMB HLDGS  -REDH,1996,1996-12-31,NA,N,0
2085,BAUSCH & LOMB HLDGS  -REDH,1997,1997-12-31,NA,N,0
2085,BAUSCH & LOMB HLDGS  -REDH,1998,1998-12-31,NA,N,0
2085,BAUSCH & LOMB HLDGS  -REDH,1999,1999-12-31,NA,N,0
2085,BAUSCH & LOMB HLDGS  -REDH,2000,2000-12-31,NA,N,0
2085,BAUSCH & LOMB HLDGS  -REDH,2001,2001-12-31,NA,N,0
2085,BAUSCH & LOMB HLDGS  -REDH,2002,2002-12-31,NA,N,0
2085,BAUSCH & LOMB HLDGS  -REDH,2003,2003-12-31,NA,N,0
2085,BAUSCH & LOMB HLDGS  -REDH,2004,2004-12-31,NA,N,0
2085,BAUSCH & LOMB HLDGS  -REDH,2005,2005-12-31,NA,N,0
2085,BAUSCH & LOMB HLDGS  -REDH,2006,2006-12-31,NA,N,0
2085,BAUSCH & LOMB HLDGS  -REDH,2007,2007-12-31,NA,N,0
2085,BAUSCH & LOMB HLDGS  -REDH,2008,2008-12-31,NA,N,0
2085,BAUSCH & LOMB HLDGS  -REDH,2009,2009-12-31,NA,N,0
2086,BAXTER INTERNATIONAL INC,1996,1996-12-31,OK,Y,1
2086,BAXTER INTERNATIONAL INC,1997,1997-12-31,OK,Y,2
2086,BAXTER INTERNATIONAL INC,1998,1998-12-31,OK,Y,1
2086,BAXTER INTERNATIONAL INC,1999,1999-12-31,OK,Y,2
2086,BAXTER INTERNATIONAL INC,2000,2000-12-31,OK,Y,2
2086,BAXTER INTERNATIONAL INC,2001,2001-12-31,OK,Y,2
2086,BAXTER INTERNATIONAL INC,2002,2002-12-31,OK,Y,3
2086,BAXTER INTERNATIONAL INC,2003,2003-12-31,OK,Y,2
2086,BAXTER INTERNATIONAL INC,2004,2004-12-31,OK,Y,2
2086,BAXTER INTERNATIONAL INC,2005,2005-12-31,OK,Y,1
2086,BAXTER INTERNATIONAL INC,2006,2006-12-31,OK,Y,1
2086,BAXTER INTERNATIONAL INC,2007,2007-12-31,OK,Y,1
2086,BAXTER INTERNATIONAL INC,2008,2008-12-31,OK,Y,1
2086,BAXTER INTERNATIONAL INC,2009,2009-12-31,OK,Y,1
2086,BAXTER INTERNATIONAL INC,2010,2010-12-31,OK,N,0
2086,BAXTER INTERNATIONAL INC,2011,2011-12-31,OK,N,0
2086,BAXTER INTERNATIONAL INC,2012,2012-12-31,OK,N,0
2086,BAXTER INTERNATIONAL INC,2013,2013-12-31,OK,N,0
2086,BAXTER INTERNATIONAL INC,2014,2014-12-31,OK,N,0
2086,BAXTER INTERNATIONAL INC,2015,2015-12-31,OK,N,0
2086,BAXTER INTERNATIONAL INC,2016,2016-12-31,OK,N,0
2086,BAXTER INTERNATIONAL INC,2017,2017-12-31,OK,N,0
2086,BAXTER INTERNATIONAL INC,2018,2018-12-31,OK,N,0
2086,BAXTER INTERNATIONAL INC,2019,2019-12-31,OK,N,0
2086,BAXTER INTERNATIONAL INC,2020,2020-12-31,OK,N,0
2086,BAXTER INTERNATIONAL INC,2021,2021-12-31,OK,N,0
2111,BECTON DICKINSON & CO,1996,1996-09-30,OK,Y,3
2111,BECTON DICKINSON & CO,1997,1997-09-30,OK,Y,3
2111,BECTON DICKINSON & CO,1998,1998-09-30,OK,Y,3
2111,BECTON DICKINSON & CO,1999,1999-09-30,OK,Y,3
2111,BECTON DICKINSON & CO,2000,2000-09-30,OK,Y,3
2111,BECTON DICKINSON & CO,2001,2001-09-30,OK,Y,2
2111,BECTON DICKINSON & CO,2002,2002-09-30,OK,Y,1
2111,BECTON DICKINSON & CO,2003,2003-09-30,OK,Y,1
2111,BECTON DICKINSON & CO,2004,2004-09-30,OK,Y,1
2111,BECTON DICKINSON & CO,2005,2005-09-30,OK,Y,1
2111,BECTON DICKINSON & CO,2006,2006-09-30,OK,Y,1
2111,BECTON DICKINSON & CO,2007,2007-09-30,OK,Y,1
2111,BECTON DICKINSON & CO,2008,2008-09-30,OK,Y,1
2111,BECTON DICKINSON & CO,2009,2009-09-30,OK,Y,1
2111,BECTON DICKINSON & CO,2010,2010-09-30,OK,Y,2
2111,BECTON DICKINSON & CO,2011,2011-09-30,OK,Y,2
2111,BECTON DICKINSON & CO,2012,2012-09-30,OK,Y,2
2111,BECTON DICKINSON & CO,2013,2013-09-30,OK,Y,1
2111,BECTON DICKINSON & CO,2014,2014-09-30,OK,Y,1
2111,BECTON DICKINSON & CO,2015,2015-09-30,OK,N,0
2111,BECTON DICKINSON & CO,2016,2016-09-30,OK,Y,1
2111,BECTON DICKINSON & CO,2017,2017-09-30,OK,N,0
2111,BECTON DICKINSON & CO,2018,2018-09-30,OK,N,0
2111,BECTON DICKINSON & CO,2019,2019-09-30,OK,Y,1
2111,BECTON DICKINSON & CO,2020,2020-09-30,OK,N,0
2111,BECTON DICKINSON & CO,2021,2021-09-30,OK,N,0
2136,VERIZON COMMUNICATIONS INC,1998,1998-12-31,OK,Y,2
2136,VERIZON COMMUNICATIONS INC,1999,1999-12-31,OK,Y,2
2136,VERIZON COMMUNICATIONS INC,2006,2006-12-31,OK,Y,1
2136,VERIZON COMMUNICATIONS INC,2007,2007-12-31,OK,Y,1
2136,VERIZON COMMUNICATIONS INC,2008,2008-12-31,OK,Y,1
2136,VERIZON COMMUNICATIONS INC,2009,2009-12-31,OK,Y,1
2136,VERIZON COMMUNICATIONS INC,2010,2010-12-31,OK,Y,1
2136,VERIZON COMMUNICATIONS INC,2020,2020-12-31,OK,N,0
2136,VERIZON COMMUNICATIONS INC,2021,2021-12-31,OK,N,0
2146,BELLSOUTH CORP,1996,1996-12-31,OK,N,0
2146,BELLSOUTH CORP,2005,2005-12-31,OK,N,0
2154,BEMIS CO INC,1996,1996-12-31,OK,Y,1
2154,BEMIS CO INC,1997,1997-12-31,OK,N,0
2154,BEMIS CO INC,1998,1998-12-31,OK,Y,1
2154,BEMIS CO INC,1999,1999-12-31,OK,Y,1
2154,BEMIS CO INC,2005,2005-12-31,OK,N,0
2154,BEMIS CO INC,2006,2006-12-31,OK,N,0
2154,BEMIS CO INC,2007,2007-12-31,OK,N,0
2154,BEMIS CO INC,2008,2008-12-31,OK,N,0
2154,BEMIS CO INC,2009,2009-12-31,OK,Y,1
2154,BEMIS CO INC,2010,2010-12-31,OK,N,0
2154,BEMIS CO INC,2011,2011-12-31,OK,N,0
2154,BEMIS CO INC,2012,2012-12-31,OK,N,0
2154,BEMIS CO INC,2013,2013-12-31,OK,N,0
2154,BEMIS CO INC,2014,2014-12-31,OK,N,0
2154,BEMIS CO INC,2015,2015-12-31,OK,Y,1
2154,BEMIS CO INC,2016,2016-12-31,OK,N,0
2154,BEMIS CO INC,2017,2017-12-31,OK,N,0
2154,BEMIS CO INC,2018,2018-12-31,OK,N,0
2169,BERGEN BRUNSWIG CORP  -CL A,1996,1996-09-30,NA,N,0
2169,BERGEN BRUNSWIG CORP  -CL A,1997,1997-09-30,NA,N,0
2169,BERGEN BRUNSWIG CORP  -CL A,1998,1998-09-30,NA,N,0
2169,BERGEN BRUNSWIG CORP  -CL A,1999,1999-09-30,NA,N,0
2169,BERGEN BRUNSWIG CORP  -CL A,2000,2000-09-30,NA,N,0
2184,BEST BUY CO INC,1997,1998-02-28,OK,N,0
2184,BEST BUY CO INC,1998,1999-02-28,OK,Y,1
2184,BEST BUY CO INC,2006,2007-02-28,OK,N,0
2184,BEST BUY CO INC,2007,2008-02-29,OK,N,0
2184,BEST BUY CO INC,2008,2009-02-28,OK,N,0
2184,BEST BUY CO INC,2009,2010-02-28,OK,N,0
2184,BEST BUY CO INC,2010,2011-02-28,OK,N,0
2184,BEST BUY CO INC,2011,2012-02-29,OK,N,0
2184,BEST BUY CO INC,2012,2013-01-31,OK,N,0
2184,BEST BUY CO INC,2013,2014-01-31,OK,N,0
2184,BEST BUY CO INC,2014,2015-01-31,OK,N,0
2184,BEST BUY CO INC,2015,2016-01-31,OK,N,0
2184,BEST BUY CO INC,2016,2017-01-31,OK,N,0
2184,BEST BUY CO INC,2017,2018-01-31,OK,N,0
2184,BEST BUY CO INC,2018,2019-01-31,OK,N,0
2184,BEST BUY CO INC,2019,2020-01-31,OK,N,0
2184,BEST BUY CO INC,2020,2021-01-31,OK,N,0
2184,BEST BUY CO INC,2021,2022-01-31,OK,N,0
2189,BETHLEHEM STEEL CORP,1997,1997-12-31,OK,Y,2
2189,BETHLEHEM STEEL CORP,1998,1998-12-31,OK,Y,2
2189,BETHLEHEM STEEL CORP,1999,1999-12-31,OK,Y,2
2189,BETHLEHEM STEEL CORP,2002,2002-12-31,OK,N,0
2193,BEVERLY ENTERPRISES INC,1996,1996-12-31,OK,Y,1
2193,BEVERLY ENTERPRISES INC,1997,1997-12-31,OK,Y,1
2193,BEVERLY ENTERPRISES INC,1998,1998-12-31,OK,Y,1
2193,BEVERLY ENTERPRISES INC,1999,1999-12-31,OK,N,0
2193,BEVERLY ENTERPRISES INC,2000,2000-12-31,OK,N,0
2193,BEVERLY ENTERPRISES INC,2001,2001-12-31,OK,N,0
2193,BEVERLY ENTERPRISES INC,2002,2002-12-31,OK,N,0
2193,BEVERLY ENTERPRISES INC,2003,2003-12-31,OK,N,0
2193,BEVERLY ENTERPRISES INC,2004,2004-12-31,OK,N,0
2213,BINDLEY WESTERN INDS,1996,1996-12-31,NA,N,0
2213,BINDLEY WESTERN INDS,1997,1997-12-31,NA,N,0
2213,BINDLEY WESTERN INDS,1998,1998-12-31,NA,N,0
2213,BINDLEY WESTERN INDS,1999,1999-12-31,NA,N,0
2239,BIRD CORP,1996,1996-12-31,OK,N,0
2239,BIRD CORP,1997,1997-12-31,OK,N,0
